team_id,team_name,league,color
KAqBN0Vqbg,Atlanta United FC,mls,#9D2235
gpMOLwl5zy,Austin FC,mls,#010101
APk5LGOMOW,CF Montréal,mls,#003DA5
NPqxKXZ59d,Charlotte FC,mls,#0085CA
X0Oq66zq6D,Chicago Fire FC,mls,#D50032
4wM42l4qjB,Chivas USA,mls,
pzeQZ6xQKw,Colorado Rapids,mls,#862633
mvzqoLZQap,Columbus Crew,mls,#010101
EKXMeX3Q64,D.C. United,mls,#E4002B
NWMWlBK5lz,FC Cincinnati,mls,#FE5000
mKAqBBmqbg,FC Dallas,mls,#BF0D3E
YgOMngl5wN,Houston Dynamo FC,mls,#101820
zeQZkL1MKw,Inter Miami CF,mls,#010101
kaDQ0wRqEv,LA Galaxy,mls,#004B87
eVq3ya6MWO,Los Angeles FC,mls,#101820
kRQand1MKZ,Minnesota United FC,mls,#010101
vzqoOgNqap,Nashville SC,mls,#201547
19vQ2095K6,New England Revolution,mls,#0C2340
Vj58weDM8n,New York City FC,mls,#000229
a2lqRX2Mr0,New York Red Bulls,mls,#C8102E
jYQJ8EW5GR,Orlando City SC,mls,#5F249F
9z5k7Yg5A3,Philadelphia Union,mls,#051C2C
WBLMvYAQxe,Portland Timbers FC,mls,#2C5234
a2lqR4JMr0,Real Salt Lake,mls,#9D2235
zeQZBOzQKw,San Diego FC,mls,#051C2C
0KPqjA456v,San Jose Earthquakes,mls,#003DA5
jYQJ19EqGR,Seattle Sounders FC,mls,#0032A0
Z2vQ1xlqrA,Sporting Kansas City,mls,#0C2340
wvq9B9wQWn,St. Louis City SC,mls,#E0004D
kRQabn8MKZ,Toronto FC,mls,#A6192E
lgpMOvnQzy,Vancouver Whitecaps FC,mls,#13294B
kRQa8JOqKZ,Angel City FC,nwsl,#212322
315VnJ759x,Bay FC,nwsl,#051C2C
4wM4Ezg5jB,Boston Breakers,nwsl,
odMX2OJqYL,Boston Legacy FC,nwsl,#D00070
KPqjw8PQ6v,Chicago Stars FC,nwsl,#0C2340
2lqRn34qr0,Denver Summit FC,nwsl,#1D6960
kRQaWa15KZ,FC Kansas City,nwsl,
4JMAk47qKg,Houston Dash,nwsl,#101820
4wM4rZdqjB,Kansas City Current,nwsl,#CB333B
raMyrr25d2,NJ/NY Gotham FC,nwsl,#010101
zeQZeazqKw,North Carolina Courage,nwsl,#01426A
XVqKeVKM01,Orlando Pride,nwsl,#5F249F
Pk5LeeNqOW,Portland Thorns FC,nwsl,#93282C
eV5DR6YQKn,Racing Louisville FC,nwsl,#1E1A34
7VqG1lYMvW,San Diego Wave FC,nwsl,#041E42
7vQ7BBzqD1,Seattle Reign FC,nwsl,#2E407A
eV5D2w9QKn,Utah Royals FC,nwsl,#13294B
aDQ0lzvQEv,Washington Spirit,nwsl,#003A40
xW5pwDBMg1,Western New York Flash,nwsl,
vzqoxEZQap,AV Alta FC,usl1,#13322B
2lqRYg05r0,Athletic Club Boise,usl1,#228848
vzqow0Bqap,Central Valley Fuego FC,usl1,
odMX7pAQYL,Charlotte Independence,usl1,#003DA5
p6qb32XQ0G,Chattanooga Red Wolves SC,usl1,#7C2629
e7MzzaKMr0,Corpus Christi FC,usl1,#071D49
2lqRn0Aqr0,FC Naples,usl1,#1B365D
4wM4Z04qjB,FC Tucson,usl1,
vzqoeBpMap,Fort Lauderdale CF,usl1,
jYQJd6y5GR,Fort Wayne FC,usl1,#010101
e7Mz0LJqr0,Forward Madison FC,usl1,#1B365D
N6MmGYWqEG,Greenville Triumph SC,usl1,#002855
Xj5Yy7y5bd,Lansing Ignite FC,usl1,
wvq9J83QWn,Lexington SC,usl1,#154734
gpMO1Pyqzy,New England Revolution II,usl1,
Oa5wvxjM14,New York Cosmos,usl1,#071D49
4wM4lGgMjB,North Carolina FC,usl1,
ljqE94Vqx0,North Texas SC,usl1,
gOMnJxBMwN,Northern Colorado Hailstorm FC,usl1,
2lqRgd2Qr0,One Knoxville SC,usl1,#071D49
kRQaW3L5KZ,Orlando City B,usl1,
jYQJw0PMGR,Portland Hearts of Pine,usl1,#1D1F2A
9jYQJ7ZMGR,Richmond Kickers,usl1,#C8102E
NWMW2p7Qlz,Sarasota Paradise,usl1,#1D1F2A
gOMna8JQwN,South Georgia Tormenta FC,usl1,
4JMAOrPqKg,Spokane Velocity FC,usl1,#0093B2
Oa5wbm8M14,Texoma FC,usl1,
4JMAkpDqKg,Toronto FC II,usl1,
gOMnd3eqwN,Union Omaha,usl1,#010101
eVq3dWDQWO,Westchester SC,usl1,#0047BB
wvq9jx1QWn,Atlanta United 2,uslc,
0x5gJawM7O,Austin Bold FC,uslc,
Oa5w0kDq14,Birmingham Legion FC,uslc,#101820
gOMnVEOMwN,Brooklyn FC,uslc,#25282A
0OlMlzRqLz,Charleston Battery,uslc,#010101
odMX7pAQYL,Charlotte Independence,uslc,#003DA5
9YqdojR5vJ,Colorado Springs Switchbacks FC,uslc,#010101
NWMWg9LMlz,Detroit City FC,uslc,#643335
7VqGLwzQvW,El Paso Locomotive FC,uslc,#041E42
NWMWlBK5lz,FC Cincinnati,uslc,#FE5000
e7MzZbKMr0,FC Tulsa,uslc,
EGMPr2yqaY,Fresno FC,uslc,
eVq3rNX5WO,Hartford Athletic,uslc,#002D72
2lqRjjnqr0,Indy Eleven,uslc,#0C2340
Pk5LzyGQOW,Las Vegas Lights FC,uslc,#009ACE
wvq9J83QWn,Lexington SC,uslc,#154734
KAqBvpmqbg,Loudoun United FC,uslc,#E4002B
OlMlejP5Lz,Louisville City FC,uslc,#330072
NWMWgNDMlz,Memphis 901 FC,uslc,
4JMAZ1D5Kg,Monterey Bay FC,uslc,#003865
315VWlvq9x,Nashville SC (USL),uslc,
0Oq62Dgq6D,New Mexico United,uslc,#19191A
9Yqdwg85vJ,New York Red Bulls II,uslc,
4wM4lGgMjB,North Carolina FC,uslc,
7VqGZE35vW,Oakland Roots SC,uslc,#EF3340
Vj58Wb2M8n,Oklahoma City Energy FC,uslc,
kRQaeY8QKZ,Orange County SC,uslc,#010101
kRQaW3L5KZ,Orlando City B,uslc,
xW5pyJKqg1,Ottawa Fury,uslc,
xW5pkVBMg1,Penn FC,uslc,
KPqjwN4Q6v,Philadelphia Union II,uslc,
NWMWllL5lz,Phoenix Rising FC,uslc,#D22730
gpMOoo1Mzy,Pittsburgh Riverhounds SC,uslc,#010101
zeQZe4DqKw,Portland Timbers 2,uslc,
BLMv6m3Mxe,Real Monarchs,uslc,
XVqK23a501,Reno 1868 FC,uslc,
9z5kAmbQA3,Rhode Island FC,uslc,#0C2340
9jYQJ7ZMGR,Richmond Kickers,uslc,#C8102E
ljqEJ7OQx0,Rio Grande Valley FC,uslc,
KPqj6bBq6v,Rochester New York FC,uslc,
0Oq6332Q6D,Sacramento Republic FC,uslc,#7C2629
315VPpXQ9x,Saint Louis FC,uslc,
7vQ7x3YMD1,San Antonio FC,uslc,#C5203E
0Oq6JvPq6D,San Diego Loyal SC,uslc,
gpMOG02Mzy,Sporting Club Jacksonville,uslc,
2vQ14GKqrA,Sporting Kansas City II,uslc,
KXMe8Z2Q64,Tacoma Defiance,uslc,
2vQ1NowMrA,Tampa Bay Rowdies,uslc,#4C8D2B
9vQ2ZkaQK6,The Miami FC,uslc,#10069F
4JMAkpDqKg,Toronto FC II,uslc,
N6MmWV0qEG,Vancouver Whitecaps FC 2,uslc,
4wM4E4d5jB,Ventura County FC,uslc,
7vQ7dBYMD1,Brooklyn FC,usls,#25282A
eV5D7zaMKn,Carolina Ascent FC,usls,
KXMeG8xq64,D.C. Power FC,usls,
2vQ1y44QrA,Dallas Trinity FC,usls,
a35r7yBqL6,Fort Lauderdale United FC,usls,
OlMlPegMLz,Lexington SC,usls,#154734
Vj58dW358n,Spokane Zephyr FC,usls,
raMyb1d5d2,Sporting Club Jacksonville,usls,
9Yqdgo95vJ,Tampa Bay Sun FC,usls,
